{"cameraMode":{"drawMode":0,"name":"Shaded","section":"Shading Mode"},"sceneLighting":false,"audioPlay":false,"sceneViewState":{"m_AlwaysRefresh":false,"showFog":true,"showSkybox":false,"showFlares":true,"showImageEffects":true,"showParticleSystems":true,"showVisualEffectGraphs":true,"m_FxEnabled":true},"in2DMode":false,"pivot":{"x":-1.7031941413879395,"y":0.5224306583404541,"z":1.5768792629241944},"rotation":{"x":0.09588484466075897,"y":0.8946283459663391,"z":-0.23206976056098939,"w":0.36962345242500307},"size":2.1213438510894777,"orthographic":false}