{"cameraMode":{"drawMode":0,"name":"Shaded","section":"Shading Mode"},"sceneLighting":false,"audioPlay":false,"sceneViewState":{"m_AlwaysRefresh":false,"showFog":true,"showSkybox":false,"showFlares":true,"showImageEffects":true,"showParticleSystems":true,"showVisualEffectGraphs":true,"m_FxEnabled":true},"in2DMode":false,"pivot":{"x":-0.9773004055023193,"y":0.34877586364746096,"z":0.8761831521987915},"rotation":{"x":0.05118050426244736,"y":0.9236358404159546,"z":-0.13280706107616425,"w":0.35590696334838869},"size":1.4154857397079468,"orthographic":false}