{"cameraMode":{"drawMode":0,"name":"Shaded","section":"Shading Mode"},"sceneLighting":false,"audioPlay":false,"sceneViewState":{"m_AlwaysRefresh":false,"showFog":true,"showSkybox":false,"showFlares":true,"showImageEffects":true,"showParticleSystems":true,"showVisualEffectGraphs":true,"m_FxEnabled":true},"in2DMode":false,"pivot":{"x":-2.702025890350342,"y":-3.9326906204223635,"z":-0.7523466944694519},"rotation":{"x":-0.007743381429463625,"y":0.982886016368866,"z":-0.17917071282863618,"w":-0.042488351464271548},"size":4.461368083953857,"orthographic":false}