{"cameraMode":{"drawMode":0,"name":"Shaded","section":"Shading Mode"},"sceneLighting":true,"audioPlay":false,"sceneViewState":{"m_AlwaysRefresh":false,"showFog":true,"showSkybox":true,"showFlares":true,"showImageEffects":true,"showParticleSystems":true,"showVisualEffectGraphs":true,"m_FxEnabled":true},"in2DMode":false,"pivot":{"x":18.205360412597658,"y":-2.2059173583984377,"z":18.835811614990236},"rotation":{"x":-0.13961617648601533,"y":0.8181673884391785,"z":-0.5110254287719727,"w":-0.2235298752784729},"size":46.052513122558597,"orthographic":false}