{"cameraMode":{"drawMode":0,"name":"Shaded","section":"Shading Mode"},"sceneLighting":false,"audioPlay":false,"sceneViewState":{"m_AlwaysRefresh":false,"showFog":true,"showSkybox":false,"showFlares":true,"showImageEffects":true,"showParticleSystems":true,"showVisualEffectGraphs":true,"m_FxEnabled":true},"in2DMode":false,"pivot":{"x":0.024625778198242189,"y":3.2300002574920656,"z":0.026227831840515138},"rotation":{"x":0.028703268617391588,"y":0.9346901178359985,"z":-0.07757732272148133,"w":0.34574899077415469},"size":3.9405176639556886,"orthographic":false}