{"cameraMode":{"drawMode":0,"name":"Shaded","section":"Shading Mode"},"sceneLighting":false,"audioPlay":false,"sceneViewState":{"m_AlwaysRefresh":false,"showFog":true,"showSkybox":false,"showFlares":true,"showImageEffects":true,"showParticleSystems":true,"showVisualEffectGraphs":true,"m_FxEnabled":true},"in2DMode":false,"pivot":{"x":0.09880520403385163,"y":1.6504870653152466,"z":2.337920904159546},"rotation":{"x":0.07053633034229279,"y":0.7194792628288269,"z":-0.07386408746242523,"w":0.6869849562644959},"size":2.5079872608184816,"orthographic":false}