{"cameraMode":{"drawMode":0,"name":"Shaded","section":"Shading Mode"},"sceneLighting":false,"audioPlay":false,"sceneViewState":{"m_AlwaysRefresh":false,"showFog":true,"showSkybox":false,"showFlares":true,"showImageEffects":true,"showParticleSystems":true,"showVisualEffectGraphs":true,"m_FxEnabled":true},"in2DMode":false,"pivot":{"x":0.27616918087005618,"y":3.0818710327148439,"z":0.022226691246032716},"rotation":{"x":0.08001992851495743,"y":0.9199792742729187,"z":-0.27434325218200686,"w":0.26833173632621767},"size":3.7941386699676515,"orthographic":false}